,Carbohydrate,Energy,Fat,Fibre,Of which Saturates,Of which Sugars,Protein,Salt,product_name,Calcium,Iron,Magnesium,Of which Polyunsaturated,Omega 3,Potassium,Zinc,Selenium,Vitamin E,Polyunsaturates,Sodium,Vitamin D,Vitamin C,Riboflavin,Vitamin B12,Cholesterol,Of which Trans
0,"6,3g",35kcal,"0,1g","1,1g","0,0g","4,4g","1,2g","0,35g",Cirio Passata,,,,,,,,,,,,,,,,,
1,3.8g,23kcal,<0.5g,0.6g,0.0g,3.4g,1.2g,0.03g,Duchy Organic Plum Tomatoes In Natural Juice,,,,,,,,,,,,,,,,,
2,7.8g,49kcal,0.9g,,0.2g,6.1g,1.7g,0.44g,Mutti Passata Gastronomia Baby Roma Tomatoes,,,,,,,,,,,,,,,,,
3,3.8g,24kcal,<0.5g,1.5g,0.0g,3.5g,1.1g,0.03g,Waitrose Peeled Italian Cherry Tomatoes,,,,,,,,,,,,,,,,,
4,"3,6g",-22kcal,0g,,0g,"2,9g","1,1g","0,1g",Mutti Cherry Tomatoes,,,,,,,,,,,,,,,,,
5,3.8g,23kcal,<0.5g,0.6g,0.0g,3.4g,1.2g,0.0g,Essential Plum Tomatoes in Natural Juice,,,,,,,,,,,,,,,,,
6,,,,,,,,,Bomba! Tomato Purée,,,,,,,,,,,,,,,,,
7,4.9g,28kcal,<0.5g,1.0g,0.0g,4.3g,1.4g,0.03g,Waitrose Duchy Passata,,,,,,,,,,,,,,,,,
8,"3,6g",22kcal,"<0,5g",,"<0,1g","2,9g","1,1g","0,01g",Mutti San Marzano Tomatoes,,,,,,,,,,,,,,,,,
9,3.8g,23kcal,<0.5g,0.6g,0.0g,3.4g,1.2g,0.0g,Essential Plum Tomatoes in Natural Juice,,,,,,,,,,,,,,,,,
10,"4,2g",27kcal,"0,2g","1,1g","0,1g","3,8g","1,1g","0,02g",Cirio Pelati Peeled Plum Tomatoes,,,,,,,,,,,,,,,,,
11,7.6g,51kcal,1.2g,,0.2g,6.4g,1.6g,0.50g,Mutti Passata Gastronomia with Cherry Tomatoes,,,,,,,,,,,,,,,,,
12,3.3g,27kcal,0.9g,1.3g,0.0g,2.9g,0.8g,0.40g,"Waitrose chopped tomatoes, olive oil & garlic",,,,,,,,,,,,,,,,,
13,4.9g,28kcal,<0.5g,1.4g,0.0g,4.2g,1.1g,0.01g,Waitrose chopped tomatoes with chopped basil,,,,,,,,,,,,,,,,,
14,"3,6g",-22kcal,0g,,0g,"2,9g","1,1g","0,1g",Mutti Peeled Tomatoes,,,,,,,,,,,,,,,,,
15,3.9g,26kcal,0.2g,,<0.1g,2.8g,1.2g,0.30g,Mutti Finely Chopped Tomatoes,,,,,,,,,,,,,,,,,
16,3.5g,21kcal,<0.5g,1.3g,0.0g,3.0g,0.8g,0.0g,Waitrose chopped tomatoes with chopped herbs,,,,,,,,,,,,,,,,,
17,4.2g,22kcal,0.1g,0.4g,0.0g,3.6g,0.8g,0.03g,Mr Organic Italian Organic Chopped Tomatoes,,,,,,,,,,,,,,,,,
18,5.0g,86kcal,6.2g,2.3g,1.1g,3.8g,1.5g,0.70g,Cooks' Ingredients soffritto passata,,,,,,,,,,,,,,,,,
19,"4,7g",29kcal,"0,1g","1,4g","0,0g","3,9g","1,3g","0,69g",Cirio Tuscan Chopped Tomatoes,,,,,,,,,,,,,,,,,
20,4.9g,28kcal,<0.5g,0.9g,0.0g,4.1g,1.4g,0.03g,Waitrose passata with chopped basil,,,,,,,,,,,,,,,,,
21,5.9g,34kcal,<0.5g,1.3g,0.0g,5.1g,1.5g,0.01g,Waitrose passata with onion & garlic,,,,,,,,,,,,,,,,,
22,"4,9g",28kcal,"0,0g","1,2g","0,0g","3,7g","1,1g","0,30g",Cirio Polpa Fine Finely Chopped Tomatoes,,,,,,,,,,,,,,,,,
23,"4,2g",27kcal,"0,2g","1,1g","0,1g","3,8g","1,1g","0,02g",Cirio peeled plum tomatoes,,,,,,,,,,,,,,,,,
24,13.5g,163kcal,8.3g,6.3g,1.4g,9.3g,8.3g,3.6g,Taste #5 Original Tomato Umami Paste,,,,,,,,,,,,,,,,,
25,3.4g,-28kcal,0.5g,,0g,1.4g,1.6g,11.1g,Gia chilli puree,,,,,,,,,,,,,,,,,
26,11.6g,81kcal,1.9g,2.9g,0.4g,6.7g,2.8g,0.0g,Essential Sweetcorn,,,,,,,,,,,,,,,,,
27,4.9g,19kcal,0g,1.5g,0g,0.6g,0g,0g,Kingfisher sliced water chestnuts in water,,,,,,,,,,,,,,,,,
28,11.5g,73kcal,0.3g,2.9g,0.1g,1.8g,4.6g,0.52g,Harry Ramsden's Mushy Peas,,,,,,,,,,,,,,,,,
29,0.7g,13kcal,0g,1.4g,0g,0.7g,1.5g,0g,Kingfisher bamboo shoots in water,,,,,,,,,,,,,,,,,
30,11.6g,81kcal,1.9g,2.9g,0.4g,6.8g,2.8g,0.0g,Essential Sweetcorn,,,,,,,,,,,,,,,,,
31,3.2g,24kcal,0g,1.2g,0g,1.1g,1.9g,0g,Kingfisher beansprouts in water,,,,,,,,,,,,,,,,,
32,14.9g,106kcal,0.6g,6.2g,0.1g,1.2g,7.2g,0.47g,Farrow's giant marrowfat processed peas,,,,,,,,,,,,,,,,,
33,11.8g,77kcal,1.7g,2.5g,0.4g,7.4g,2.4g,0.40g,Green Giant original sweetcorn,,,,,,,,,,,,,,,,,
34,13.4g,99kcal,0.6g,5.6g,0.1g,0.5g,7.2g,0.33g,Essential Marrowfat Peas,,,,,,,,,,,,,,,,,
35,6.1g,58kcal,0.6g,5.2g,0.1g,1.4g,4.5g,0.01g,Essential Garden Peas in Water,,,,,,,,,,,,,,,,,
36,0.5g,20kcal,<0.5g,2.7g,0.1g,<0.5g,2.4g,0.07g,Essential Chopped Mushrooms in Water,,,,,,,,,,,,,,,,,
37,4.1g,34kcal,<0.5g,3.4g,0.1g,<0.5g,1.9g,0.10g,Essential Artichoke Hearts in Water,,,,,,,,,,,,,,,,,
38,2.6g,18kcal,<0.5g,2.1g,0.0g,1.3g,<0.5g,0.05g,Essential Baby Carrots in Water,,,,,,,,,,,,,,,,,
39,5.4g,49kcal,0.5g,5.2g,0.1g,1.8g,3.0g,0.08g,Essential Petits Pois with Baby Carrots,,,,,,,,,,,,,,,,,
40,11.8g,77kcal,1.7g,2.5g,0.4g,7.4g,2.4g,0.00g,Green Giant no added salt sweetcorn,,,,,,,,,,,,,,,,,
41,19.5g,86kcal,0.2g,6.0g,0.0g,0.0g,1.5g,0.84g,Biona Jackfruit Pieces in Salted Water,,,,,,,,,,,,,,,,,
42,13.0g,113kcal,1.1g,8.9g,0.2g,<0.5g,8.2g,0.03g,Waitrose LOVE life Yellow Split Peas,,,,,,,,,,,,,,,,,
43,9.5g,78kcal,0.6g,6.1g,0.0g,1.4g,5.5g,0.10g,Essential Petits Pois in Water,,,,,,,,,,,,,,,,,
44,11.8g,77kcal,1.7g,2.5g,0.4g,7.4g,2.4g,0.40g,Green Giant original sweetcorn,,,,,,,,,,,,,,,,,
45,3.5g,21kcal,<0.5g,1.9g,0.0g,2.7g,0.5g,0.03g,essential Waitrose canned sliced carrots in water,,,,,,,,,,,,,,,,,
46,11.8g,77kcal,1.7g,2.5g,0.4g,7.4g,2.4g,0.40g,Green Giant sweetcorn,,,,,,,,,,,,,,,,,
47,10.6g,55kcal,0.5g,1.7g,0.1g,<0.5g,1.2g,0.08g,Essential Waitrose Small Potatoes in Water,,,,,,,,,,,,,,,,,
48,11.8g,77kcal,1.7g,2.5g,0.4g,7.4g,2.4g,0.00g,Green Giant sweetcorn,,,,,,,,,,,,,,,,,
49,9.5g,78kcal,0.6g,6.1g,0.0g,1.4g,5.5g,0.03g,Essential Petits Pois in Water,,,,,,,,,,,,,,,,,
50,1.7g,20kcal,0.1g,3.6g,<0.1g,0.4g,1.3g,0.03g,Essential Cut Green Beans in Water,,,,,,,,,,,,,,,,,
51,11.8g,77kcal,1.7g,2.5g,0.4g,7.4g,2.4g,0.00g,Green Giant no added salt sweetcorn,,,,,,,,,,,,,,,,,
52,11g,48kcal,0g,4g,0g,5g,1g,0.64g,Biona Organic Jackfruit Sweet & Smoky,,,,,,,,,,,,,,,,,
53,12.4g,58kcal,<0.5g,1.1g,0.1g,<0.5g,1.2g,0.21g,Smash The Original Instant Mashed Potato,,,,,,,,,,,,,,,,,
54,2.9g,27kcal,0.1g,2.4g,0.0g,1.1g,2.4g,0.83g,Green Giant hearts of palm whole,,,,,,,,,,,,,,,,,
55,13.4g,80kcal,2.0g,,1.4g,2.2g,1.6g,0.58g,Idahoan Perfect Mash Butter & Herb,,,,,,,,,,,,,,,,,
56,5.9g,37kcal,<0.5,,<0.1g,5.2g,1.7g,0.53g,Mutti Pizza Sauce Classica,,,,,,,,,,,,,,,,,
57,15.9g,97kcal,0.7g,1.7g,0.1g,0.5g,6.0g,0.50g,Foresight pease pudding,,,,,,,,,,,,,,,,,
58,16.4g,104kcal,3.2g,5.8g,0.4g,2.4g,5.4g,0.5g,Geo Organics chick pea & lentil dahl,,,,,,,,,,,,,,,,,
59,19.9g,141kcal,4.3g,3.7g,0.5g,1.2g,3.7g,0.8g,Jamie Oliver Indian-Spiced Veg Quinoa & Rice,,,,,,,,,,,,,,,,,
60,8.8g,45kcal,0.2g,1.4g,Trace,4.7g,1.4g,Trace,Great Scot dried onions,,,,,,,,,,,,,,,,,
61,5.9g,38kcal,<0.5g,5.0g,<0.1g,0.0g,0.9g,0.01g,Cooks' Ingredients Jack Fruit Pieces in Water,,,,,,,,,,,,,,,,,
62,1.6g,31kcal,0g,2.9g,0g,0g,3.6g,0.03g,Epicure Leaf Spinach,,,,,,,,,,,,,,,,,
63,12.4g,58kcal,<0.5g,1.1g,0.1g,<0.5g,1.2g,0.21g,Smash instant mashed potato,,,,,,,,,,,,,,,,,
64,,,,,,,,,Porter Foods whole chestnuts,,,,,,,,,,,,,,,,,
65,12.0g,68kcal,1.7g,2.8g,0.3g,5.5g,2.6g,0.26g,La Doria Sweetcorn in Salted Water,,,,,,,,,,,,,,,,,
66,11.8g,77kcal,1.7g,2.5g,0.4g,7.4g,2.4g,0.00g,Green Giant no added salt sweetcorn,,,,,,,,,,,,,,,,,
67,9.0g,81kcal,4.3g,,0.4g,0g,2.0g,1.5g,Soul Punjabi Choley,,,,,,,,,,,,,,,,,
68,10.9g,76kcal,1.7g,3.1g,0.3g,5.2g,2.8g,0.40g,La Doria Sweetcorn in Salted Water,,,,,,,,,,,,,,,,,
69,6.2g,42kcal,0.7g,2.7g,0.1g,3.3g,1.2g,1.3g,Biona Organic Jackfruit Stew,,,,,,,,,,,,,,,,,
70,18.1g,143kcal,1.7g,6.6g,0.3g,0.7g,10.6g,0.03g,Merchant Gourmet puy lentils,,,,,,,,,,,,,,,,,
71,16.5g,122kcal,1.4g,6.1g,0.2g,0.5g,7.7g,0.03g,Essential Chick Peas in Water,,,,,,,,,,,,,,,,,
72,14.6g,111kcal,0.7g,7.5g,0.1g,<0.5g,7.7g,0.03g,Essential Red Kidney Beans in Water,,,,,,,,,,,,,,,,,
73,12.3g,97kcal,0.5g,6.4g,0.1g,0.5g,7.7g,0.03g,Essential Butter Beans in Water,,,,,,,,,,,,,,,,,
74,13.3g,101kcal,0.6g,6.4g,0.1g,<0.5g,7.5g,0.03g,Essential Cannellini Beans in Water,,,,,,,,,,,,,,,,,
75,14.0g,130kcal,4.1g,6.0g,0.5g,2.9g,6.3g,1.3g,Merchant Gourmet French Tomatoey Puy & Green Lentils,,,,,,,,,,,,,,,,,
76,14.1g,94kcal,0.8g,4.6g,0.1g,5.0g,5.4g,0.57g,Essential Red Kidney Beans in Chilli Sauce,,,,,,,,,,,,,,,,,
77,13g,101kcal,0.7g,6.9g,0g,0g,7.2g,0.27g,Epicure Black Beans,,,,,,,,,,,,,,,,,
78,25.2g,163kcal,2.0g,6.9g,0.3g,3.0g,7.6g,0.05g,Biona Organic Black Chick Peas,,,,,,,,,,,,,,,,,
79,15.5g,124kcal,2.6g,6.7g,0.6g,<0.5g,6.2g,0.03g,Duchy Organic Chick Peas In Water,,,,,,,,,,,,,,,,,
80,12.9g,97kcal,0.8g,6.2g,0.1g,<0.5g,6.5g,0.03g,Essential Mixed Bean Salad in Water,,,,,,,,,,,,,,,,,
81,10.9g,82kcal,0.6g,4.4g,0.1g,<0.5g,6.1g,0.03g,Essential Lentils in Water,,,,,,,,,,,,,,,,,
82,12.9g,100kcal,0.6g,7.7g,0.1g,0.6g,6.9g,0.03g,Essential Borlotti Beans,,,,,,,,,,,,,,,,,
83,14.6g,111kcal,0.7g,7.5g,0.1g,<0.5g,7.7g,0.03g,Essential Red Kidney Beans in Water,,,,,,,,,,,,,,,,,
84,29g,185kcal,4.2g,4.0g,0.5g,1.5g,6.1g,0.18g,Merchant Gourmet red & white quinoa,,,,,,,,,,,,,,,,,
85,13.0g,90kcal,0.5g,7.4g,0.1g,3.4g,6.0g,0.9g,Biona Organic Chilli Black Beans,,,,,,,,,,,,,,,,,
86,8.3g,109kcal,0.9g,15.0g,0.1g,0.9g,9.4g,0.03g,Waitrose Duchy Green Lentils,,,,,,,,,,,,,,,,,
87,12.8g,104kcal,0.6g,7.8g,<0.1g,0.5g,8.1g,0.03g,Duchy Organic Red Kidney Beans,,,,,,,,,,,,,,,,,
88,7.4g,102kcal,0.9g,14.4g,0.1g,<0.5g,8.9g,0.03g,Waitrose LOVE life Red Split Lentils,,,,,,,,,,,,,,,,,
89,11.8g,77kcal,<0.5g,3.7g,0.0g,<0.5g,5.3g,0.10g,Essential Flageolet Beans in Water,,,,,,,,,,,,,,,,,
90,7.4g,102kcal,0.9g,14.4g,0.1g,<0.5g,8.9g,0.03g,Waitrose Duchy Red Split Lentils,,,,,,,,,,,,,,,,,
91,27.1g,143kcal,0.9g,4.0g,0.2g,0.9g,4.6g,0.03g,Waitrose LOVE life Pearl Barley,,,,,,,,,,,,,,,,,
92,28.6g,176kcal,2.8g,4.9g,0.8g,4.6g,6.7g,0.55g,Merchant Gourmet Persian-Style Quinoa & Lentils,,,,,,,,,,,,,,,,,
93,7.4g,102kcal,0.9g,14.4g,0.1g,<0.5g,8.9g,0.03g,Waitrose LOVE life red split lentils,,,,,,,,,,,,,,,,,
94,3.0g,508kcal,40g,24g,4.5g,1.8g,22g,0.1g,Linwoods Flaxseed,170mg,7.1mg,380mg,25g,19g,720mg,5.5mg,,,,,,,,,,
95,11g,90kcal,0.6g,7.5g,0g,0g,6.4g,0.05g,Epicure Haricot Beans,,,,,,,,,,,,,,,,,
96,11.7g,84kcal,0.9g,4.7g,0.4g,2.8g,5.0g,0.38g,Essential Mixed Beans in a Spicy Tomato Sauce,,,,,,,,,,,,,,,,,
97,31.5g,,3.2g,4.2g,0.5g,0.6g,6.0g,0.03g,Merchant Gourmet Glorious Grains with Red Rice & Quinoa,,,,,,,,,,,,,,,,,
98,14g,99kcal,0.5g,6.8g,0g,0g,6.3g,0.04g,Epicure Butter Beans in Water,,,,,,,,,,,,,,,,,
99,26.2g,145kcal,2.0g,1.4g,0.9g,1.7g,4.8g,0.57g,Waitrose lemon & garlic couscous,,,,,,,,,,,,,,,,,
100,3.7g,98kcal,0.8g,19.1g,0.1g,<0.5g,9.5g,0.03g,Waitrose LOVE life Lentils,,,,,,,,,,,,,,,,,
101,28.7g,157kcal,1.3g,3.3g,0.3g,1.8g,5.9g,0.03g,Waitrose LoveLife Wholewheat Couscous,,,,,,,,,,,,,,,,,
102,18.5g,146kcal,1.6g,6.4g,0.3g,0.7g,11.1g,0.03g,Merchant Gourmet Beluga Lentils,,,,,,,,,,,,,,,,,
103,"77,4g",355kcal,"1,2g",,"0,33g","0,39g","7,2g",0g,Polenta valsugana,,,,,,,,,,,,,,,,,
104,8.0g,80kcal,0g,8.4g,0g,0g,7.0g,0.07g,Epicure Organic Cannellini Beans,,,,,,,,,,,,,,,,,
105,8.5g,75kcal,0g,6.7g,0g,0g,6.1g,0.10g,Epicure bijoux verts lentils,,,,,,,,,,,,,,,,,
106,6.3g,46kcal,1.3g,,0.1g,4.7g,1.7g,0.96g,Epicure Ratatouille Niçoise,,,,,,,,,,,,,,,,,
107,23.8g,170kcal,5.8g,3.4g,0.9g,1.0g,4.2g,0.5g,Jamie Oliver Super Tomato & Olive Quinoa,,,,,,,,,,,,,,,,,
108,16.7g,106kcal,<0.5g,3.8g,0.1g,<0.5g,6.9g,0.03g,Essential Blackeye Beans in Water,,,,,,,,,,,,,,,,,
109,8.3g,109kcal,0.9g,15.0g,0.1g,0.9g,9.4g,0.03g,Waitrose LOVE life Green Lentils,,,,,,,,,,,,,,,,,
110,5.6g,559kcal,47g,18g,6.1g,2.8g,20g,0.06g,Linwoods Flaxseed Almonds Brazil & Q10,230mg,5.9mg,330mg,27g,15g,650mg,4.4mg,91µg,,,,,,,,,
111,9.0g,110kcal,1.2g,13.8g,0.3g,<0.5g,9.0g,0.03g,Waitrose LOVE life 10 bean mix,,,,,,,,,,,,,,,,,
112,8.2g,136kcal,3.5g,18.0g,0.5g,<0.5g,8.9g,0.03g,Waitrose LOVE life Chick Peas,,,,,,,,,,,,,,,,,
113,15.6g,135kcal,4.3g,4.5g,0.4g,0.8g,6.1g,0.4g,Jamie Oliver Incredible Curried Chickpeas,,,,,,,,,,,,,,,,,
114,13g,130kcal,4.9g,3.9g,1.1g,1.5g,6.8g,0.73g,Jamie Oliver Ultimate Black Daal,,,,,,,,,,,,,,,,,
115,13.9g,109kcal,1.0g,9.5g,0.2g,0.2g,6.5g,0.03g,Waitrose Soup Mix,,,,,,,,,,,,,,,,,
116,16.8g,132kcal,1.4g,7.4g,0.2g,0.8g,9.3g,0.03g,Merchant Gourmet Puglia Lentils,,2.6mg,,,,,,,,,,,,,,,
117,32.4g,199kcal,4.2g,5.0g,0.7g,2.5g,5.6g,0.5g,Jamie Oliver Sensational Sweet Chilli Spelt,,,,,,,,,,,,,,,,,
118,12.2g,86kcal,0.5g,5.5g,0.0g,0.5g,5.3g,1.20g,Old El Paso mild refried beans,,,,,,,,,,,,,,,,,
119,31.4g,157kcal,0.8g,1.7g,0.2g,0.6g,5.1g,0.03g,Waitrose Duchy Couscous,,,,,,,,,,,,,,,,,
120,1.7g,532kcal,43.1g,22.8g,3.4g,1.6g,23.0g,0.07g,Waitrose LoveLife golden linseed,,,,31.5g,,,,,,,,,,,,,
121,17.8g,104kcal,0.5g,4.3g,0.1g,2.8g,5.4g,0.67g,Capsicana Refried Black Beans,,,,,,,,,,,,,,,,,
122,25.8g,181kcal,5.1g,3.4g,0.8g,0.6g,6.1g,0.90g,Merchant Gourmet Italian-Infused Grains,,,,,,,,,,,,,,,,,
123,47.6g,325kcal,1.5g,15.5g,0.2g,2.9g,21.8g,0.02g,Merchant Gourmet puy lentils,,,,,,,,,,,,,,,,,
124,8.6g,72kcal,1.3g,4.5g,0.1g,0.0g,4.3g,0.05g,Mr Organic Organic Chickpeas,,,,,,,,,,,,,,,,,
125,6.1g,111kcal,1.4g,18.8g,0.2g,<0.5g,9.2g,0.03g,Waitrose Black Turtle Beans,,,,,,,,,,,,,,,,,
126,14.6g,90kcal,0.5g,4.6g,0.0g,0.6g,6.7g,0.36g,Biona Organic Lentils Green,,,,,,,,,,,,,,,,,
127,9.0g,112kcal,0.9g,15.5g,0.2g,<0.5g,9.3g,0.03g,Waitrose Red Kidney Beans,,,,,,,,,,,,,,,,,
128,10g,83kcal,0.6g,6.3g,0g,0g,6.2g,0.05g,Epicure borlotti beans,,,,,,,,,,,,,,,,,
129,25.5g,144kcal,2.2g,1.8g,1.1g,2.7g,4.7g,0.57g,Waitrose garlic & coriander couscous,,,,,,,,,,,,,,,,,
130,2.6g,21kcal,0g,2.6g,0g,1.8g,2.0g,0.70g,Epicure Asparagus Spears,,,,,,,,,,,,,,,,,
131,26.3g,146kcal,2.1g,0.7g,0.8g,3.1g,5.0g,0.61g,Waitrose tomato & onion couscous,,,,,,,,,,,,,,,,,
132,6.4g,116kcal,1.3g,19.1g,0.3g,<0.5g,10.2g,0.04g,Waitrose Haricot Beans,,,,,,,,,,,,,,,,,
133,8.0g,540kcal,43g,17g,6.1g,6.1g,22g,0.12g,Linwoods Flax & Goji Berries,150mg,5.7mg,280mg,26g,10g,670mg,5.1mg,,8.0mg,,,,,,,,
134,13g,88kcal,0g,4.6g,0g,0g,5.9g,0.03g,Epicure Aduki Beans,,,,,,,,,,,,,,,,,
135,20g,110kcal,0.5g,,0g,1g,7g,0.725g,Gran Luchito Refried Beans,,,,,,,,,,,,,,,,,
136,7.7g,114kcal,1.0g,18.9g,0.2g,<0.5g,9.0g,0.03g,Waitrose Borlotti Beans,,,,,,,,,,,,,,,,,
137,30.9g,160kcal,1.2g,3.3g,0.3g,<0.5g,4.8g,0.04g,Waitrose LoveLife Quick Cook Italian Spelt,,,,,,,,,,,,,,,,,
138,19.9g,143kcal,1.8g,6.7g,0.3g,1.3g,8.4g,0.03g,Waitrose LOVE life puy lentils,,,,,,,,,,,,,,,,,
139,68.4g,350kcal,1.8g,6g,0.5g,1.4g,12g,0.02g,Sharpham Park Pearled Spelt,,,,,,,,,,,,,,,,,
140,15.6g,103kcal,0.4g,3.4g,0.1g,0.8g,7.4g,0g,Geo Organics Black Beluga Lentils in Water,,,,,,,,,,,,,,,,,
141,21.5g,120kcal,1.5g,3.2g,0.2g,1.2g,3.6g,0.03g,Waitrose LOVE life Bulgur Wheat with White & Red Quinoa,,,,,,,,,,,,,,,,,
142,5.7g,104kcal,0.8g,19.6g,0.2g,<0.5g,8.7g,0.03g,Waitrose Pinto Beans,,,,,,,,,,,,,,,,,
143,32.2g,166kcal,1.2g,3.6g,0.3g,<0.5g,4.8g,0.01g,Waitrose LOVE Life Quick Cook Italian 5 Grains,,,,,,,,,,,,,,,,,
144,27.4g,172kcal,3.2g,4.7g,0.5g,0.9g,6.0g,0.03g,"Waitrose LOVE life spelt, quinoa, red rice & wild rice",,,,,,,,,,,,,,,,,
145,21.7g,169kcal,5.2g,6.6g,0.7g,1.9g,5.5g,0.3g,Jamie Oliver Mouthwatering Moroccan Salad,,,,,,,,,,,,,,,,,
146,26.2g,142kcal,0.8g,4.3g,0.2g,<0.5g,5.3g,0.10g,Waitrose LOVE life quick cook barley mix,,,,,,,,,,,,,,,,,
147,12.4g,74kcal,0.8g,2.3g,0.1g,3.3g,4.5g,0.5g,Heinz Creationz Lentil Curry Beanz,,,,,,,,,,,,,,,,,
148,12.0g,98kcal,2.0g,3.6g,0.3g,1.3g,6.2g,0.7g,Jamie Oliver Lovely Lentils,,,,,,,,,,,,,,,,,
149,18.6g,101kcal,0.7g,4.7g,0.1g,4.5g,5.2g,0.4g,Heinz Creationz Spanish Beanz,,,,,,,,,,,,,,,,,
150,22.8g,137kcal,1.0g,6.4g,0.2g,<0.5g,6.1g,0.30g,Waitrose LOVE Life Quick Cook Minestrone,,,,,,,,,,,,,,,,,
151,18g,102kcal,1.3g,5.1g,0.3g,0.6g,6.4g,0.62g,Epicure Mediterranean Bean Mix,,,,,,,,,,,,,,,,,
152,22g,544kcal,39g,13g,4.3g,14g,21g,0.05g,Linwoods Clusters Flaxseed Cranberries,,5.1mg,309mg,22g,24g,,4.6mg,,,,,,,,,,
153,16g,120kcal,1.0g,7.1g,0.2g,0.9g,8.3g,0.62g,Epicure Rustic Six Bean Mix in Olive Oil,,,,,,,,,,,,,,,,,
154,18g,115kcal,1.3g,3.0g,0.3g,0.5g,6.2g,0.51g,Epicure Tuscan Bean Mix with Pearl Barley,,,,,,,,,,,,,,,,,
155,17.1g,108kcal,1.9g,4.4g,0.7g,3.9g,5.8g,0.5g,Heinz Creationz Mexican Beanz,,,,,,,,,,,,,,,,,
156,4.9g,120kcal,5.2g,5.2g,0.6g,2.2g,10.9g,0.0g,Geo Edamame Beans in Water,,,,,,,,,,,,,,,,,
157,13.8g,95kcal,1.9g,1.9g,0.3g,2g,4.7g,1.3g,Biona Organic Brown Lentil Curry,,,,,,,,,,,,,,,,,
158,0.0g,167kcal,5.5g,,,,29.0g,1.0g,John West No Drain Tuna Steak in Olive Oil,,,,,,,,,,,,,,,,,
159,0.5g,300kcal,23.0g,0.0g,4.0g,0.0g,22.8g,0.71g,Essential Sardines in Olive Oil,,,,,2000mg,,,,,,,,,,,,
160,0.0g,126kcal,1.0g,,,0.0g,29.0g,0.9g,John West No Drain Tuna Steak in Spring Water,,,,,,,,,,,,,,,,,
161,0.0g,108kcal,0.9g,0.0g,0.2g,0.0g,25.0g,0.41g,Essential MSC Tuna Chunks in Spring Water,,,,,,,,,,,,,,,,,
162,0.0g,185kcal,10.0g,<0.5g,2.1g,0.0g,23.7g,15.00g,Waitrose Anchovy Fillets in Extra Virgin Olive Oil,,,,,,,,,,,,,,,,,
163,0g,151kcal,7.8g,,1.6g,0g,20.4g,0.9g,John West Wild Pacific Red Salmon,,,,1.8g,,,,,,,,,,,,,
164,0.0g,153kcal,6.6g,0.0g,1.8g,0.0g,23.5g,0.90g,Essential Wild Red Salmon,,,,2.0g,,,,,,,,,,,,,
165,0.0g,176kcal,9.2g,0.0g,1.1g,0.0g,23.2g,0.88g,Essential Tuna Chunks in Sunflower Oil,,,,,,,,,,,,,,,,,
166,0.0g,167kcal,5.5g,,,,29.0g,1.0g,John West Tuna Steak in Sunflower Oil Fridge,,,,,,,,,,,,,,,,,
167,0.6g,197kcal,11.3g,0.0g,4.2g,0.0g,23.3g,0.46g,Essential Sardines in Water,,,,,2000mg,,,,,,,,,,,,
168,3.6g,132kcal,6.9g,1.1g,2.5g,1.6g,13.2g,1.0g,Glenryck pilchards in tomato sauce,,,,2.3g,2.1g,,,,,,,,,,,,
169,0.0g,118kcal,1.1g,0.0g,0.4g,0.0g,27.1g,0.63g,Waitrose MSC Tuna Steak in Spring Water,,,,,,,,,,,,,,,,,
170,0.0g,209kcal,12.3g,0.0g,2.0g,0.0g,24.5g,0.63g,Waitrose MSC Tuna Steak in Olive Oil,,,,,,,,,,,,,,,,,
171,0.0g,113kcal,0.8g,,,,26.6g,1.0g,John West MSC No Drain Tuna Steak in Spring Water,,,,,,,,,,,,,,,,,
172,1.5g,164kcal,7.5,Trace,1.9g,1.5g,17.0g,1.7g,John West Boneless Sardines in Tomato Sauce,,,,,,,,,,2.4,0.7g,,,,,,
173,0g,258kcal,18g,,3g,0g,24g,0.9g,Ortiz White Tuna in Olive Oil,,,,,,,,,,,,,,,,,
174,0.0g,126kcal,1.0g,,,,29.0g,1.0g,John West Tuna Steak in Brine Fridge Pots,,,,,,,,,,,,,,,,,
175,0g,229kcal,15g,,3.5g,0g,23.5g,1.0g,Parmentier Sardines in Extra Virgin Olive Oil,,,,,,,,,,,,,,,,,
176,0.0g,185kcal,10.0g,<0.5g,2.1g,0.0g,23.7g,15.00g,Waitrose Anchovy Fillets in Extra Virigin Olive Oil,,,,,,,,,,,,,,,,,
177,0.0g,113kcal,0.5g,,,,27.0g,0.8g,John West Tuna Chunks in Spring Water,,,,,,,,,,,,,,,,,
178,0.0g,154kcal,6.5g,0.0g,1.9g,0.0g,23.9g,0.20g,Waitrose Albacore Tuna in Spring Water,,,,,,,,,,,,,,,,,
179,0.0g,126kcal,1.0g,,,,29.0g,0.9g,John West Fridge Pot Tuna Steak in Spring Water MSC,,,,,,,,,,,,,,,,,
180,<0.5g,237kcal,17.3g,<0.5g,4.0g,<0.5g,20.1g,0.19g,Essential Mackerel Fillets in Spring Water,,,,,3880mg,,,,,,,,,,,,
181,"<0,5g",204kcal,11g,,"2,1g","<0,5g",27g,"1,0g",Charles Basset White Tuna in Extra Virgin Olive Oil,,,,,,,,,,,,,,,,,
182,<0.5g,184kcal,9.2g,0.0g,2.6g,<0.5g,24.8g,0.48g,Waitrose sardine al limone,,,,,2000mg,,,,,,,,,,,,
183,"<0,5g",138kcal,"4,2g",,"1,2g","<0,5g",25g,"1,0g",Charles Basset White Tuna in Brine,,,,,,,,,,,,,,,,,
184,3.4g,176kcal,11.5g,<0.5g,2.9g,2.1g,14.6g,0.54g,Essential Mackerel Fillets in Spicy Tomato Sauce,,,,,2840mg,,,,,,,,,,,,
185,0.0g,118kcal,1.1g,0.0g,0.4g,0.0g,27.1g,0.63g,Waitrose MSC Tuna Steak in Spring Water,,,,,,,,,,,,,,,,,
186,0.0g,180kcal,8.0g,,,,27.0g,1.0g,John West Tuna Chunks in Sunflower Oil,,,,,,,,,,,,,,,,,
187,"0,0g",302kcal,"22,2g",,"4,0g","0,0g","25,6g","1,7g",Ortiz White Tuna in Olive Oil,,,,,,,,,,,,,,,,,
188,0.0g,153kcal,6.6g,0.0g,1.8g,0.0g,23.5g,0.90g,Essential Wild Pacific Red Salmon,,,,2.0g,,,,,,,,,,,,,
189,Trace,225kcal,15.4g,Trace,3.4g,Trace,21.7g,1.7g,John West Boneless Sardines in Olive Oil,,,,,2.0g,,,,,2.3g,0.7g,,,,,,
190,0.5g,224kcal,13.7g,<0.5g,3.4g,0.0g,24.6g,0.62g,Waitrose sardine piccanti,,,,,2000mg,,,,,,,,,,,,
191,0.0g,199kcal,10.9g,,,,25.2g,1.0g,John West No Drain Tuna Steak in Sunflower Oil,,,,,,,,,,,,,,,,,
192,Trace,260kcal,20.0g,Trace,3.4g),Trace),20.0g,1.0g),John West Mackerel Fillets in Olive Oil,,,,,3.0g),,,,,5.2g),0.4g,,,,,,
193,Trace,131kcal,5.4g,,1.4g,Trace,20.4g,0.9g,John West wild red salmon skinless & boneless,,,,,,,,,,1.7g,,,,,,,
194,1.5g,80kcal,0.5g,0g,0.2g,0.9g,17g,1.2g,Kingfisher Jumbo Crab Meat in Brine,,,,,,,,,,,,,,,,,
195,0.0g,167kcal,5.5g,,,,29.0g,1.0g,John West No Drain Tuna Steak in Olive Oil,,,,,,,,,,,,,,,,,
196,3.1g,148kcal,7.4g,,3.1g,0.2g,17.1g,1.2g,Parmentier Sardines in Tomato Sauce,,,,,,,,,,,,,,,,,
197,0.0g,209kcal,12.3g,0.0g,2.0g,0.0g,24.5g,0.63g,Waitrose MSC Tuna Steak in Olive Oil,,,,,,,,,,,,,,,,,
198,0.8g,241kcal,19g,0g,,,18g,1.0g,King Oscar MSC Sardines with Basil Oregano & Garlic,,,,,2.7g,,,,,,,,,,,,
199,0g,113Kcal,0.5g,,0.2g,0g,27.0g,0.8g,John West Tuna Chunks in Spring Water,,,,,,,,,,,,,,,,,
200,Trace,218kcal,14.0g,Trace,2.6g),Trace),23.0g,1.5g),John West Sardines in Olive Oil,,,,,2.0g),,,,,2.7g),0.6g,,,,,,
201,0.0g,113kcal,0.5g,,,,27.0g,1.0g,John West Tuna Chunks in Brine,,,,,,,,,,,,,,,,,
202,3.6g,132kcal,6.9g,1.1g,2.5g,1.6g,13.2g,1.0g,Glenryck Pilchards in Tomato Sauce,,,,2.3g,2.1g,,,,,,,,,,,,
203,"<0,5g",-204kcal,11g,,"2,1g","<0,5g",27g,"1,0g",Charles Basset White Tuna in Extra Virgin Olive Oil,,,,,,,,,,,,,,,,,
204,0.4g,207kcal,12.3g,3g,0.3g,traces,24.0g,0.78g,Lusso Vita Skinless & Boneless Sardine Fillets in Olive Oil,,,,,,,,,,,,,,,,,
205,0g,233kcal,18g,0g,,,19g,1.0g,King Oscar MSC Sardines with Sliced Manzanilla Olives,,,,,2.6g,,,,,,,,,,,,
206,0.0g,113kcal,0.5g,,,,27.0g,1.0g,John West Tuna Chunks in Brine,,,,,,,,,,,,,,,,,
207,5.6g,154kcal,8.1g,0.9g,2.0g,1.6g,14.3g,1.4g,Princes Sardine & Tomato Paste,,,,,1.6g,,,,,,,,,,,,
208,0g,238Kcal,17.9g,,3.6g,0g,19.1g,1.5g,John West Kipper Fillets in Sunflower Oil,,,,4.2g,,,,,,,,,,,,,
209,6.0g,202kcal,13.9g,0.5g,2.1g,0.4g,12.9g,1.2g,Princes Salmon Paste,,,,,1.0g,,,,,,,,,,,,
210,Trace,226kcal,16.0g,Trace,3.6g,Trace,20.4g,1.0g,John West Steamed Mackerel Fillets,,,,,3.5g,,,,,4.0g,0.4g,,,,,,
211,2.7g,180kcal,12.1g,<0.5g,2.7g,2.6g,14.9g,0.29g,Essential Mackerel Fillets in Tomato Sauce,,,,,2490mg,,,,,,,,,,,,
212,0g,229Kcal,15g,,3.5g,0g,23.5g,1.2g,Parmentier Sardines in Oil with Herbs de Provence,,,,,,,,,,,,,,,,,
213,0g,180Kcal,8.0g,,1.0g,0g,27.0g,1.0g,John West Tuna Chunks in Sunflower Oil,,,,,,,,,,,,,,,,,
214,0g,131kcal,5.4g,,1.1g,0g,20.4g,0.9g,John West Pink Salmon,,,,1.1g,,,,,,,,7.5µg,,,,,
215,0.0g,167kcal,5.5g,,,,29.0g,1.0g,John West Fridge Pot Tuna Steak in Sunflower Oil MSC,,,,,,,,,,,,,,,,,
216,0.0g,116kcal,3.5g,0.0g,0.7g,0.0g,21.0g,0.75g,Essential Wild Red Salmon Skinless & Boneless,,,,,537mg,,,,,,,,,,,,
217,0g,229Kcal,15g,,3g,0g,23.5g,1.2g,Parmentier Sardines in Oil and Chilli,,,,,,,,,,,,,,,,,
218,6.9g,305kcal,24.2g,,11.9g,0.2g,14.8g,9.5g,Patum Peperium anchovy relish,,,,,,,,,,,,,,,,,
219,0.0g,180kcal,8.0g,,,,27.0g,1.0g,John West Tuna Chunks in Sunflower Oil,,,,,,,,,,,,,,,,,
220,5.5g,196kcal,14g,,,,12g,1.0g,John West Mackerel Fillets TomatoChilli,,,,,1.9g,,,,,,,,,,,,
221,Trace,218kcal,14.0g,Trace,2.9g,Trace,23.0g,1.5g,John West Sardines in Sunflower Oil,,,,,2.0,,,,,4.9g,0.6g,,,,,,
222,Trace,84kcal,4.0g,,0.8g,Trace,12.0g,0.2g,John West Soft Cod Roes,,,,,,,,,,,,,,,,,
223,10.0g,230kcal,14.0g,Trace,3.1g,Trace,16.0g,0.7g,John West Smoked Mussels in Sunflower Oil,,,,,,,,,,,0.3g,,,,,,
224,0g,260kcal,20g,,,,20g,1.0g,John West Mackerel Fillets in Sunflower Oil,,,,,,,,,,,,,,,,,
225,3.0g,189kcal,13.0g,Trace,2.7g,2.4g,15.0g,1.2g,John West Skippers in Tomato Sauce,,,,,1.4g,,,,,2.5g,0.5g,,,,,,
226,0.8g,253kcal,19g,0g,,,19g,1.5g,King Oscar MSC Sardines with Pepper Garlic & Chilli,,,,,2.8g,,,,,,,,,,,,
227,28.0g,279kcal,16.9g,,1.1g,24.8g,2.9g,0.01g,John Ross Original Dill Sauce,,,,,,,,,,,,,,,,,
228,"3,9g",185kJ,11g,,"7,6g",0g,"17,7g",18g,Lusso Vita anchovy paste,,,,,,,,,,,,,,,,,
229,Trace,225kcal,15.4g,Trace,3.9g,Trace,21.7g,1.7g,John West Boneless Sardines in Sunflower Oil,,,,,2.4g,,,,,7.4g,0.7g,,,,,,
230,0.4g,207kcal,12.3g,3g,0.3g,traces,24.0g,0.78g,Lusso Vita Sardine Fillets in Olive Oil & Lemon,,,,,,,,,,,,,,,,,
231,0g,100kcal,2.0g,,0.4g,0g,20.4g,0.9g,John West Skinless & Boneless Wild Pink Salmon,,,,0.6g,,,,,,,,7.5µg,,,,,
232,0.0g,113kcal,0.8g,,,,26.6g,1.0g,John West No Drain Tuna Steak in Brine,,,,,,,,,,,,,,,,,
233,0g,1972kcal,"46,6g",,"7,7g",0g,"14,6g","9,5g",Lusso Vita Anchovy Fillets in Olive Oil,,,,,,,,,,,,,,,,,
234,0g,151kcal,7.8g,,1.6g,0g,20.4g,0.9g,John West wild red salmon,,,,1.8g,,,,,,,,,,,,,
235,9.4g,194kcal,11.9g,,2.0g,0.5g,12.2g,1.13g,Shippams salmon spread,,,,,,,,,,,,,,,,,
236,0g,85kcal,4.5g,,1.0g,0g,10g,7.0g,Spinnaker lumpfish caviar,,,,,,,,,,,,,,,,,
237,Trace,281kcal,22.9g,Trace,4.5g,Trace,18.8g,1.0g,John West Steamed Mackerel Fillets in Olive Oil,,,,,3.3g,,,,,4.4g,0.4g,,,,,,
238,4.7g,98kcal,1.8g,,0.3g,0.2g,15.2g,0.83g,Shippam's crab spread,,,,,,,,,,,,,,,,,
239,0.0g,126kcal,1.0g,,,,29.0g,1.0g,John West No Drain Tuna Steak in Brine,,,,,,,,,,,,,,,,,
240,<0.5g,278kcal,21.3g,<0.5g,4.3g,<0.5g,21.3g,0.25g,Essential Mackerel Fillets in Olive Oil,,,,,2720mg,,,,,,,,,,,,
241,0g,113Kcal,0.5g,,0.2g,0g,27.0g,1.0g,John West Tuna Chunks in Brine,,,,,,,,,,,,,,,,,
242,<2,168kcal,"8,0g",,"1,4g",<1,"23,0g","1,3g",Palacio de Oriente Squid Pieces in Olive Oil,,,,,,,,,,,,,,,,,
243,10g,96kcal,1.9g,2.4g,0.3g,4.3g,8.5g,0.8g,John West Light Lunch Mediterranean Style Tuna Salad,,,,,,,,,,,,,,,,,
244,0g,85kcal,4.5g,,1.0g),0g),10g,5.5g,Elsinore Lumpfish Caviar,,,,,,,,,,,,,,,,,
245,Trace,243kcal,19.0g,Trace,3.6g),Trace),18.0g,1.2g),John West Skippers in Sunflower Oil,,,,,1.3g),,,,,3.2g),0.5g,,,,,,
246,0.4g,207kcal,12.3g,3g,0.3g,traces,24.0g,0.78g,Lusso Vita Sardine Fillets in Olive Oil & Chilli,,,,,,,,,,,,,,,,,
247,"4,7g",157kcal,11g,,"1,3g",0g,"9,8g","1,7g",Palacio de Oriente Squid Pieces in Salsa Negra,,,,,,,,,,,,,,,,,
248,18g,219kcal,11g,,,,12g,1.3g,John West Mackerel Fillets Sweet Chilli Sauce,,,,,,,,,,,,,,,,,
249,6.8g,241kcal,18g,,,,13g,1.0g,John West Mackerel Fillets in Thai Curry Sauce,,,,,1.9g,,,,,,,,,,,,
250,6.5g,89kcal,1.7g,,0.7g,3.1g,12.7g,0.8g,Elsinore Cockles in Vinegar,,,,,,,,,,,,,,,,,
251,0.5g,240kcal,13g,,2.5g),0g),30g,3.5g,Elsinore Salmon Caviar,,,,,,,,,,,,,,,,,
252,9.8g,99kcal,2.8g,2.5g,0.7g,2.3g,7.5g,0.8g,John West Light Lunch French Style Tuna Salad,,,,,,,,,,,,,,,,,
253,0.8g,45kcal,0.6g,0g,0.2g,0.6g,9.2g,1.3g,Kingfisher Shredded Crab Meat,,,,,,,,,,,,,,,,,
254,"6,2g",177kcal,13g,,"1,5g",0g,8.9g,"0,95g",Palacio de Oriente Spanish Mussels in Galician Sauce,,,,,,,,,,,,,,,,,
255,2.5g,210kcal,15.1g,1.0g,3.7g,2.5g,15.0g,0.7g,Lusso Vita Sardines Olive Oil with Sundried Tomato,,,,5.6g,2.1g,,,,,,,,,,,,
256,<0.5g,205kcal,13g,,3.3g,<0.5g,22g,1.0g,Cornish Pilchard Fillets in Extra Virgin Olive Oil,,,,,,,,,,,,,,,,,
257,0.0g,222kcal,13.5g,0.0g,6.5g,0.0g,25.0g,1.90g,Princes Corned Beef,,,,,,,,,,,,,,,,,
258,3.2g,292kcal,24.3g,,9.7g,1.3g,15g,2.4g,Spam Chopped Pork & Ham,,,,,,,,,,,,,,,,,
259,0.0g,222kcal,13.5g,0.0g,6.5g,0.0g,25.0g,1.40g,Princes Corned Beef Reduced Salt,,,,,,,,,,,,,,,,,
260,1.1g,185kcal,9.0g,0.0g,5.0g,1.1g,25.0g,1.40g,Princes Lean Corned Beef,,,,,,,,,,,,,,,,,
261,2.1g,227kcal,17g,,7.2g,1.4g,16g,1.8g,Spam lite Chopped Pork & Ham,,,,,,,,,,,,,,,,,
262,4.8g,138kcal,8.3g,,1.8g,<0.5g,11g,1.20g,Ye Olde Oak 8 Premium Hot Dogs,,,,,,,,,,,,,,,,,
263,3.2g,292kcal,24.3g,,9.7g,1.3g,15g,2.4g,Spam chopped pork & ham,,,,,,,,,,,,,,,,,
264,0.5g,110kcal,4.0g,,1.5g,0.5g,18g,2.19g,Ye Olde Oak Finest Gammon Ham,,,,,,,,,,,,,,,,,
265,3.9g,200kcal,14.1g,0.5g,4.2g,0.1g,14.2g,1.4g,Princes Chicken & Ham Paste,,,,,,,,,,,,,,,,,
266,0.0g,222kcal,13.5g,0.0g,6.5g,0.0g,25.0g,1.90g,Princes Corned Beef,,,,,,,,,,,,,,,,,
267,1.4g,247kcal,21.1g,,8.0g,0.2g,12.8g,2.22g,Ye Olde Oak 8 American Style Gourmet Hot Dogs,,,,,,,,,,,,,,,,,
268,1.4g,176kcal,11.1g,,3.0g,0.3g,17.7g,1.18g,Shippams chicken spread,,,,,,,,,,,,,,,,,
269,2.2g,220kcal,17.0g,0.5g,6.2g,0.1g,14.2g,1.1g,Princes Beef Paste,,,,,,,,,,,,,,,,,
270,3.7g,195kcal,13.0g,,6.2g,0.3g,15.7g,0.78g,Shippam's beef spread,,,,,,,,,,,,,,,,,
271,5.7g,147kcal,8.1g,,3.0g,0.6g,12.0g,2.2g,Ye Olde Oak Ham,,,,,,,,,,,,,,,,,
272,5.2g,136kcal,8.0g,,1.9g,<0.5g,11g,1.29g,Ye Olde Oak 6 American Style Hot Dogs,,,,,,,,,,,,,,,,,
273,23.5g,105kcal,<0.5g,1.9g,0.1g,16.9g,1.0g,0.07g,Essential Prunes in Apple Juice,,,,,,,,,,,,,,,,,
274,8.6g,40kcal,<0.5g,0.7g,0.0g,8.1g,<0.5g,0.09g,Essential Peach Slices in Grape Juice,,,,,,,,,,,,,,,,,
275,12.3g,52kcal,0.0g,0.9g,<0.1g,9.2g,0.1g,0.03g,Essential Pear Quarters in Fruit Juice,,,,,,,,,,,,,,,,,
276,15.4g,65kcal,0.0g,0.8g,0.0g,14.3g,<0.5g,0.0g,Essential Peach Slices in Light syrup,,,,,,,,,,,,,,,,,
277,15g,53kcal,0.1g,1.1g,0.1< g,12g,0.4g,0.1< g,Dole tropical gold pineapple slices,,,,,,,,,,,,,33.5mg,,,,
278,22.0g,104kcal,0.5g,3.8g,0.2g,16.5g,0.8g,0.01g,Essential Prunes in Syrup,,,,,,,,,,,,,,,,,
279,8.6g,40kcal,<0.5g,0.7g,0.0g,8.1g,<0.5g,0.09g,Waitrose Peach Halves in Grape Juice,,,,,,,,,,,,,,,,,
280,9.6g,42kcal,0.1g,0.8g,<0.1g,7.8g,0.2g,0.03g,Essential Apricot Halves in Fruit Juice,,,,,,,,,,,,,,,,,
281,15.9g,69kcal,<0.5g,1.8g,0.0g,12.9g,<0.5g,0.0g,Essential Pear Halves in Light Syrup,,,,,,,,,,,,,,,,,
282,15g,53kcal,0.1g,1.1g,0.1< g,12g,0.4g,0.1< g,Dole tropical gold pineapple chunks,,,,,,,,,,,,,33.5mg,,,,
283,25g,111kcal,0.2g,2.7g,<0.1g,23g,0.7g,0.04g,Nature's Finest Pitted Prunes in Juice,,,,,,,,,,,,,,,,,
284,7.7g,34kcal,0.0g,<0.5g,0.0g,7.7g,0.7g,0.02g,Essential Mandarin Oranges In Fruit Juice,,,,,,,,,,,,,,,,,
285,8.6g,40kcal,<0.5g,0.7g,0.0g,8.1g,<0.5g,0.09g,Essential Peach Slices in Grape Juice,,,,,,,,,,,,,,,,,
286,10g,45kcal,<0.5g,0g,<0.1g,10g,0g,0.02g,Nature's Finest Peach in Juice,,,,,,,,,,,,,,,,,
287,13g,57kcal,<0.2g,0g,<0.2g,13g,0.5g,0.02g,Nature's Finest Mandarin Segments in Juice,,,,,,,,,,,,,,,,,
288,7.8g,37kcal,<0.5g,1.6g,0.0g,7.8g,<0.5g,0.03g,Essential Granny Smith Apple Slices,,,,,,,,,,,,,,,,,
289,18.5g,77kcal,0.0g,0.6g,0.0g,18.5g,0.5g,0.02g,essential Waitrose Black Cherries (in light syrup),,,,,,,,,,,,,,,,,
290,13g,55kcal,<0.5g,1.2g,<0.1g,13g,0g,0.02g,Nature's Finest Pineapple in Juice,,,,,,,,,,,,,,,,,
291,7.2g,33kcal,0.1g,0.7g,Trace,7.2g,0.5g,Trace,Royal Crown Grapefruit Segments in Apple Juice,,,,,,,,,,,,,,,,,
292,13g,49kcal,<0.5g,1g,<0.1g,13g,0g,0.02g,Nature's Finest Tropical Fruit in Juice,,,,,,,,,,,,,,,,,
293,10g,45kcal,<0.5g,0g,<0.1g,10g,0g,0.02g,Nature's Finest Peach in Juice,,,,,,,,,,,,,,,,,
294,21g,98kcal,Trace,2.85g,,,1g,,Baldjis Kalamata Figs in Syrup,,,,,,,,,,,,,,,,,
295,11.4g,67kcal,0.9g,4.3g,0.3g,10.3g,1.1g,0.01g,Essential Summer Fruits in Syrup,,,,,,,,,,,,,,,,,
296,13g,49kcal,<0.5g,1g,<0.1g,13g,0g,0.02g,Nature's Finest Tropical Fruit Salad in Juice,,,,,,,,,,,,,,,,,
297,11g,49kcal,<0.5g,1.5g,<0.1g,11g,<0.5g,0.02g,Nature's Finest Pear Slices in Juice,,,,,,,,,,,,,,,,,
298,9.6g,42kcal,<0.5g,0.8g,0.0g,7.8g,<0.5g,0.03g,Essential Apricot Halves in Fruit Juice,,,,,,,,,,,,,,,,,
299,11.8g,51kcal,<0.1g,0.8g,0.0g,11.8g,0.5g,<0.1g,Princes Peach Slices in Juice,,,,,,,,,,,,,,,,,
300,17g,73kcal,0g,0g,0g,16g,0g,0.03g,Nature's Finest Grapefruit in Juice,,,,,,,,,,,,,,,,,
301,10g,44kcal,0.1g,0g,<0.1g,10g,0g,0.06g,Nature's Finest Diced Peach in Juice,,,,,,,,,,,,,,,,,
302,12.1g,53kcal,0.1g,1g,<0.1g,12g,0.5g,<0.1g,Dole fruit in juice pineapple,,,,,,,,,,,,,28.5mg,,,,
303,12g,53kcal,<0.5g,0g,0g,12g,0g,0g,Nature's Finest Mango in Juice,,,,,,,,,,,,,,,,,
304,19.7g,85kcal,0.4g,0.5g,0.1g,13.7g,0.4g,0.01g,Princes Fruit Filling Black Cherry,,,,,,,,,,,,,,,,,
305,20g,80kcal,0g,1.6g,0g,16g,0.8g,0g,Epicure Stoneless Black Cherries in Syrup,,,,,,,,,,,,,,,,,
306,15.4g,66kcal,<0.1g,0.5g,<0.1g,14.7g,0.4g,<0.1g,Dole Mandarins in Fruit Juice,,,,,,,,,,,,,23.8mg,,,,
307,26g,109kcal,<0.5g,,<0.1g,22g,<0.5g,<0.01g,Opies Black Cherries with Kirsch,,,,,,,,,,,,,,,,,
308,12.5g,57kcal,0.2g,1.2g,0g,11g,0.7g,<0.01g,Dole Peaches in Fruit Juice,,,,,,,,,,,,,35mg,,,,
309,13g,54kcal,<0.5g,0g,<0.1g,13g,0g,0.03g,Nature's Finest Mango in Juice,,,,,,,,,,,,,,,,,
310,9.6g,43kcal,0.2g,0.4g,<0.1g,9.1g,0.4g,0.02g,Princes fruit cocktail in light syrup,,,,,,,,,,,,,,,,,
311,12g,57kcal,0.2g,,<0.1g,12g,0.5g,0.02g,Clearspring pureé apple & apricot,,,,,,,,,,,,,,,,,
312,13g,58kcal,0.2g,,<0.1g,12g,0.5g,0.01g,Clearspring pureé apple & blueberry,,,,,,,,,,,,,,,,,
313,14g,63kcal,0.2g,,<0.1g,14g,0.7g,0.01g,Clearspring Fruit Pureé Apple & Mango,,,,,,,,,,,,,,,,,
314,14.0g,60kcal,<0.1g,0.9g,0.0g,14.0g,0.5g,0.02g,Princes Strawberries in Syrup,,,,,,,,,,,,,,,,,
315,12g,53kcal,0.1g,1.1g,<0.1g,12g,0.5g,<0.1g,Dole fruit in juice tropical fruits,,,,,,,,,,,,,23.8mg,,,,
316,12g,56kcal,0.2g,,<0.1g,12g,0.4g,0.01g,Clearspring Pureé Apple & Strawberry,,,,,,,,,,,,,,,,,
317,14g,58kcal,<0.5g,0g,<0.1g,14g,0g,0.03g,Nature's Finest Pineapple in Coconut Water,,,,,,,,,,,,,,,,,
318,10g,45kcal,<0.5g,0g,<0.1g,10g,0g,0.02g,Nature's Finest Juicy Peach in Juice,,,,,,,,,,,,,,,,,
319,13g,58kcal,<0.5g,1.5g,0g,13g,0g,0.02g,Nature's Finest Mango in Coconut Water,,,,,,,,,,,,,,,,,
320,13g,49kcal,<0.5g,1g,<0.1g,13g,0g,0.02g,Nature's Finest Tropical Fruits in Juice,,,,,,,,,,,,,,,,,
321,29g,131kcal,1.1g,0.8g,0.3g,22g,,<0.01g,Opies Red Berries with Pink Gin,,,,,,,,,,,,,,,,,
322,15.0g,97kcal,2.9g,<0.5g,1.5g,10.9g,2.8g,0.11g,Ambrosia Devon Custard,100mg,,,,,,,,,,,,,,,,
323,65g,267kcal,<0.5g,<0.5g,<0.5g,61g,<0.5g,0.02g,Buckwud Organic Canadian Maple Syrup,,,,,,,,,,,,,,,,,
324,15.0g,97kcal,2.9g,<0.5g,1.5g,10.9g,2.8g,0.11g,Ambrosia Devon Custard,100mg,,,,,,,,,,,,,,,,
325,15.5g,99kcal,2.8g,0.0g,1.6g,11.4g,2.9g,0.13g,Ambrosia Devon Custard,106mg,,,,,,,,,,,,,,,,
326,14.8g,96kcal,2.9g,<0.5g,1.5g,10.6g,2.8g,0.11g,Ambrosia Devon Custard,100mg,,,,,,,,,,,,,,,,
327,16.8g,95kcal,1.7g,<0.5g,1.0g,10.0g,3.1g,0.10g,Essential Rice Pudding,,,,,,,,,,,,,,,,,
328,12.7g,162kcal,9.0g,0.0g,6.0g,12.7g,7.6g,0.30g,Essential Evaporated Milk,,,,,,,,,,,,56% of NRV,,,,,
329,15.8g,96kcal,2.2g,0.0g,1.3g,8.9g,3.2g,0.13g,Ambrosia Rice Pudding,99mg,,,,,,,,,,,,,,,,
330,16.4g,98kcal,2.2g,<0.5g,1.2g,9.2g,3.2g,0.15g,Ambrosia Rice Pudding,90mg,,,,,,,,,,,,,,,,
331,68.5g,296kcal,0.0g,,0.0g,57.4g,5.5g,0.40g,Hartley's Raspberry Jelly,,,,,,,,,,,,,,,,,
332,12.1g,78kcal,2.0g,<0.5g,1.0g,7.4g,2.9g,0.12g,Ambrosia Light Devon Custard,100mg,,,,,,,,,,,,,,,,
333,14.3g,82kcal,1.4g,<0.5g,0.9g,9.8g,3.0g,0.17g,Bird's Custard Powder,,,,,,,,,,,,,,,,,
334,12.1g,78kcal,2.0g,<0.5g,1.0g,7.4g,2.9g,0.12g,Ambrosia Light Devon Custard,100mg,,,,,,,,,,,,,,,,
335,63.0g,253kcal,<0.5g,<0.5g,0.0g,61.5g,0.0g,0.02g,No.1 Canadian Maple Syrup No.1 Medium,,,,,,,,,,,,,,,,,
336,77.5g,1319kJ,0g,,0g,77.5g,0.5g,0.8g,Lyle's Golden Syrup,,,,,,,,,,,,,,,,,
337,15.3g,101kcal,3.2g,0.0g,2.0g,11.5g,2.7g,0.13g,Essential Custard,,,,,,,,,,,,,,,,,
338,12.1g,160kcal,9.0g,0.0g,6.1g,12.1g,7.6g,0.33g,Nestlé Carnation Topping Evaporated Milk,270mg,,,,,,,,,,,2.9µg,,,,,
339,12.1g,78kcal,2.0g,<0.5g,1.0g,7.4g,2.9g,0.12g,Ambrosia Light Devon Custard,100mg,,,,,,,,,,,,,,,,
340,16.3g,101kcal,2.5g,0.0g,1.5g,9.0g,3.3g,0.13g,Ambrosia Rice Pudding,101mg,,,,,,,,,,,,,,,,
341,<0.5g,6kcal,<0.5g,,<0.1g,<0.5g,1.1g,0.07g,Hartley's sugar free jelly raspberry,,,,,,,,,,,,,,,,,
342,68.5g,296kcal,0.0g,,0.0g,57.4g,5.5g,0.50g,Hartley's jelly orange,,,,,,,,,,,,,,,,,
343,68.5g,296kcal,0.0g,,0.0g,57.4g,5.5g,0.4g,Hartley's jelly strawberry,,,,,,,,,,,,,,,,,
344,56.4g,325kcal,8.0g,0.0g,5.4g,56.4g,6.9g,0.23g,Essential Condensed Milk,,,,,,,,,,,,,,,,,
345,91.2g,386kcal,<0.5g,0.0g,0.1g,91.2g,4.8g,0.28g,Cooks' Ingredients Meringue Nests,,,,,,,,,,,,,,,,,
346,18.5g,113kcal,2.9g,0.5g,1.5g,14.3g,3.0g,0.09g,Ambrosia Chocolate Devon Custard,96mg,,,,,,,,,,,,,,,,
347,15.3g,80kcal,0.6g,<0.5g,0.3g,8.0g,3.3g,0.13g,Ambrosia Light Rice Pudding,90mg,,,,,,,,,,,,,,,,
348,11.3g,75kcal,1.7g,1.2g,0.3g,8.2g,3.0g,0.14g,alpro soya dairy free low fat custard,120mg,,,,,,,,,,,0.75µg*,,0.21mg*,0.38µg*,,
349,12.1g,78kcal,2.0g,<0.5g,1.0g,7.4g,2.9g,0.12g,Ambrosia Light Devon Custard,100mg,,,,,,,,,,,,,,,,
350,13.0g,77kcal,1.3g,<0.5g,0.8g,6.0g,3.3g,0.11g,Ambrosia Light Rice Pudding,90mg,,,,,,,,,,,,,,,,
351,63.0g,253kcal,<0.5g,<0.5g,0.0g,61.5g,0.0g,0.02g,Waitrose Duchy Maple Syrup No.1 Medium,,,,,,,,,,,,,,,,,
352,16.2g,118kcal,4.3g,<0.5g,3.2g,13.4g,3.5g,0.51g,Angel Delight Butterscotch Flavour,,,,,,,,,,,,,,,,,
353,57.3g,293kcal,4.1g,0.8g,1.2g,42.2g,3.3g,0.6g,Aunty's Golden Syrup Steamed Puds,,,,,,,,,,,,,,,,,
354,15.4g,100kcal,2.9g,0.0g,1.7g,11.5g,2.9g,0.13g,Ambrosia My Mini Custard,109mg,,,,,,,,,,,0.68mcg,,,,,
355,11.1g,108kcal,4.0g,0.0g,2.7g,11.1g,6.8g,0.30g,Nestlé Carnation Light Evaporated Milk,240mg,,,,,,,,,,,2.9µg,,,,,
356,14.9g,107kcal,3.7g,0.0g,2.2g,8.0g,3.5g,0.10g,Ambrosia Organic Rice Pudding,108mg,,,,,,,,,,,,,,,,
357,13.6g,75kcal,1.9g,<0.5g,1.6g,9.9g,0.8g,0.12g,Bird's instant custard,,,,,,,,,,,,,,,,,
358,52.7g,294kcal,6.0g,1.5g,1.8g,38.9g,4.0g,0.7g,Aunty's Spotted Dick Steamed Puds,,,,,,,,,,,,,,,,,
359,0.2g,2kcal,<0.1g,,<0.1g,0.1g,<0.1g,0.03g,Hartley's 10 Cal Jelly Raspberry,,,,,,,,,,,,,,,,,
360,55.0g,322kcal,8.0g,Nil,5.0g,55.0g,7.5g,0.26g,Nestlé Carnation Drizzle Original,,,,,,,,,,,,,,,,,
361,54.6g,366kcal,14.9g,0.7g,5.3g,37.2g,3.0g,0.48g,Mr Kipling 2 Golden Syrup Sponge Puddings,,,,,,,,,,,,,,,,,
362,0.2g,2kcal,<0.1g,,<0.1g,0.1g,<0.1g,0.04g,Hartley's 10 Cal Jelly Strawberry,,,,,,,,,,,,,,,,,
363,1.0g,5kcal,0.0g,,0.0g,1.0g,0.0g,0.15g,Hartley's Jelly Pot Raspberry No Added Sugar,,,,,,,,,,,,,,,,,
364,55.0g,322kcal,8.0g,0.0g,5.0g,55.0g,7.5g,0.26g,Nestlé Carnation Condensed Milk,260mg,,,,,,,,,,,,,,,,
365,0.2g,3kcal,<0.1g,,<0.1g,<0.1g,<0.1g,0.04g,Hartley's 10 Cal Jelly Mango & Passionfruit,,,,,,,,,,,,,,,,,
366,15.1g,89kcal,1.7g,,1.2g,12.5g,3.3g,0.25g,Green's Carmelle,,,,,,,,,,,,,,,,,
367,12.4g,75kcal,1.6g,0.0g,1.1g,8.5g,2.7g,0.18g,Ambrosia Tapioca,101mg,,,,,,,,,,,,,,,,
368,55.6g,294kcal,4.8g,1.0g,1.7g,37.0g,3.4g,0.6g,Aunty's Sticky Toffee Steamed Puds,,,,,,,,,,,,,,,,,
369,15.8g,114kcal,3.9g,0.5g,2.8g,13.2g,3.7g,0.52g,Angel Delight Chocolate Flavour,,,,,,,,,,,,,,,,,
370,16.2g,120kcal,4.6g,<0.5g,3.4g,13.8g,3.5g,0.48g,Angel Delight Strawberry Flavour,,,,,,,,,,,,,,,,,
371,57.1g,293kcal,4.2g,0.9g,1.2g,42.4g,3.4g,0.6g,Aunty's Ginger Syrup Steamed Puds,,,,,,,,,,,,,,,,,
372,12.7g,80kcal,1.7g,0.1g,1.1g,8.8g,3.3g,0.15g,Ambrosia Semolina,100mg,,,,,,,,,,,,,,,,
373,91.2g,386kcal,<0.5g,0.0g,0.1g,91.2g,4.8g,0.28g,Cooks' Ingredients Mini Eton Mess Meringues,,,,,,,,,,,,,,,,,
374,15.2g,109kcal,4.1g,0.0g,2.3g,11.1g,2.8g,0.13g,Ambrosia Deluxe Custard Vanilla with Clotted Cream,,,,,,,,,,,,,,,,,
375,54.1g,364kcal,14.9g,0.8g,5.3g,35.5g,3.0g,0.40g,Mr Kipling 2 Raspberry Sponge Puddings,,,,,,,,,,,,,,,,,
376,6.5g,29kcal,<0.1g,2.5g,<0.2g,5.0g,<0.5g,<0.1g,Naturelly Juicy Jelly Summer Fruits,,,,,,,,,,,,,,,,,
377,76.8g,314kcal,0.44g,,0g,65.1g,0.75g,0.03g,Lyle's Chocolate Syrup,,,,,,,,,,,,,,,,,
378,1.1g,4kcal,0.0g,,0.0g,<0.1g,<0.1g,0.08g,Hartley's Jelly Pot Strawberry No Added Sugar,,,,,,,,,,,,,,,,,
379,13.5g,83kcal,2.5g,0g,2.3g,10g,0.8g,0.14g,Aunt Bessie's Instant Custard,,,,,,,,,,,,,,,,,
380,7.8g,32kcal,<0.1g,2.5g,<0.1g,5.5g,<0.5g,<0.1g,Naturelly Juicy Jelly Forest Fruits,,,,,,,,,,,,,,,,,
381,14.4g,88kcal,1.7g,0.3g,1.0g,8.7g,3.7g,0.15g,Ambrosia Macaroni,98mg,,,,,,,,,,,,,,,,
382,59.9g,499kcal,25.3g,2.3g,16.3g,20.4g,7.0g,0.25g,Cooks' Ingredients Sweet Pastry Case,,,,,,,,,,,,,,,,,
383,16.3g,101kcal,2.5g,0.0g,1.5g,9.0g,3.3g,0.13g,Ambrosia My Mini Rice,109mg,,,,,,,,,,,0.68mg,,,,,
384,56.2g,301kcal,6.0g,0.0g,3.5g,56.2g,5.5g,0.15g,Nestlé Carnation Caramel,195mg,,,,,,,,,,,,,,,,
385,14.8g,96kcal,2.9g,<0.5g,1.5g,10.6g,2.8g,0.11g,Ambrosia Devon Custard Fridge Pack,100mg,,,,,,,,,,,,,,,,
386,7.1g,31kcal,<0.1g,2.5g,<0.1g,4.5g,<0.5g,<0.1g,Naturelly Juicy Jelly Tropical Fruits,,,,,,,,,,,,,,,,,
387,52.8g,314kcal,6.2g,2.0g,1.9g,38.2g,4.2g,0.6g,Aunty's Chocolate Steamed Puds,,,,,,,,,,,,,,,,,
388,59.9g,499kcal,25.3g,2.3g,16.3g,20.4g,7.0g,0.25g,Cooks' Ingredients 6 Sweet Pastry Cases,,,,,,,,,,,,,,,,,
389,66g,267kcal,0g,,0g,66g,0g,0.03g,Billington's Very Dark Maple Syrup,,,,,,,,,,,,,,,,,
390,61.8g,332kcal,8.6g,0.5g,0.7g,50.2g,1.6g,0.02g,Nestlé Carnation Vegan Condensed Milk Alternative,,,,,,,,,,,,,,,,,
391,16.9g,101kcal,3.5g,,3.1g,15.9g,0.5g,0.06g,Smooze Fruit Ice Coconut & Mango,,,,,,,,,,,,,,,,,
392,,,,,,,,,Vahiné nappage caramel,,,,,,,,,,,,,,,,,
393,55.5g,495kcal,26.2g,2.3g,16.8g,5.6g,8.2g,0.06g,Cooks' Ingredients 18 Tartlet Cases,,,,,,,,,,,,,,,,,
394,64g,257kcal,0g,,0g,64g,0g,0.03g,Billington's Amber Maple Syrup,,,,,,,,,,,,,,,,,
395,53.0g,555kcal,35.0g,,18.0g,13.0g,6.0g,1.0g,Arden & Amici Millefoglie,,,,,,,,,,,,,,,,,
396,7.3g,49kcal,2.0g,<0.5g,1.4g,1.3g,<0.5g,0.49g,Batchelors 4 Cup a Soup Cream of Asparagus,,,,,,,,,,,,,,,,,
397,4.6g,21kcal,<0.5g,<0.5g,0.0g,0.6g,0.6g,0.48g,LOVE life 44 calories cup soup chicken noodle,,,,,,,,,,,,,,,,,
398,5.9g,43kcal,1.7g,<0.5g,1.3g,0.8g,0.8g,0.46g,Batchelors 4 Potato & Leek Cup a Soup,,,,,,,,,,,,,,,,,
399,7.1g,50kcal,2.1g,<0.5g,1.4g,0.7g,0.5g,0.40g,Batchelors 4 Cup a Soup Cream of Vegetable,,,,,,,,,,,,,,,,,
400,19g,141kcal,5.7g,1.2g,2.8g,1.1g,3.2g,0.63g,Pot Noodle Chicken & Mushroom,,,,,,,,,,,,,,,,,
401,14.6g,96kcal,2.6g,1.7g,0.4g,0.5g,2.5g,0.33g,Waitrose Bacon & Onion Potato Sauté,,,,,,,,,,,,,,,,,
402,16.3g,86kcal,1.5g,1.9g,0.2g,<0.5g,0.8g,0.33g,Waitrose Swiss Style Rösti,,,,,,,,,,,,,,,,,
403,16.9g,210kcal,10.7g,2.3g,4.9g,2.8g,10.4g,1.1g,Grant's Premium Haggis,,,,,,,,,,,,,,,,,
404,4.0g,36kcal,2.0g,<0.5g,1.5g,<0.5g,0.6g,0.54g,Batchelors 4 Cup a Soup Chicken,,,,,,,,,,,,,,,,,
405,13.1g,71kcal,0.9g,0.7g,0.2g,2g,2.6g,0.9g,Kabuto Noodles chicken ramen,,,,,,,,,,,,,,,,,
406,6.3g,35kcal,0.7g,<0.5g,0.3g,1.6g,0.6g,0.50g,Batchelors 4 Cup a Soup Minestrone,,,,,,,,,,,,,,,,,
407,8.3g,69kcal,2.5g,0.9g,1.0g,3.0g,2.7g,0.6g,Heinz Big Soup Sausage & Vegetable,,,,,,,,,,,,,,,,,
408,14.5g,155kcal,7.6g,0.5g,3.6g,0.3g,7.0g,0.75g,Fray Bentos Steak & Kidney Pie,,,,,,,,,,,,,,,,,
409,2.7g,103kcal,3.1g,<0.5g,1.3g,<0.5g,16.0g,1.0g,Grant's stewed steak,,,,,,,,,,,,,,,,,
410,7.0g,86kcal,2.7g,1.5g,1.5g,1.7g,7.8g,0.35g,Look what we found! Lamb Hotpot with Sliced Potatoes,,,,,,,,,,,,,,,,,
411,19g,143kcal,5.7g,1.3g,2.8g,1.4g,3.5g,0.55g,Pot Noodle Beef & Tomato,,,,,,,,,,,,,,,,,
412,13.0g,130kcal,5.0g,4.5g,2.6g,3.0g,7.0g,0.90g,Stagg Chili Classic Chili Con Carne,,,,,,,,,,,,,,,,,
413,6.2g,97kcal,3.8g,4.1g,1.6g,3.3g,7.5g,0.53g,Look What We Found! Chilli Con Carne,,,,,,,,,,,,,,,,,
414,0.14g,299kcal,21.8g,,7.6g,0.14g,25.3g,1.9g,Duck Confit Confit de Canard,,,,,,,,,,,,,,,,,
415,16.4g,81kcal,0.5g,1.0g,0.3g,1.0g,2.4g,0.64g,Mug Shot Chicken & Sweetcorn Flavour Noodles,,,,,,,,,,,,,,,,,
416,3.4g,102kcal,6.6g,0.9g,3.0g,2.8g,6.9g,0.33g,Look what we found! beef bolognese,,,,,,,,,,,,,,,,,
417,12.0g,61kcal,1.0g,0.3g,0.7g,2.6g,1.2g,0.3g,Kabuto Rice Noodles Vegetable Laksa,,,,,,,,,,,,,,,,,
418,20.9g,98kcal,0.3g,1.2g,0.2g,4.8g,2.3g,0.35g,Mug Shot Sweet & Sour Flavour Noodles,,,,,,,,,,,,,,,,,
419,12.4g,67.1kcal,0.9g,1.0g,0.2g,1.5g,2.6g,0.8g,Kabuto Noodles miso ramen,,,,,,,,,,,,,,,,,
420,13g,144kcal,6.5g,1.9g,1.0g,5.7g,7.3g,0.96g,John West Creations Salmon with Wild Rice & Lentils,,,,2.4g,,,,,,,,,,,,,
421,13.4g,173kcal,7.8g,,2.7g,0.5g,10.5g,0.85g,Cassoulet au Confit De Canard et à la Saucisse de Toulouse,,,,,,,,,,,,,,,,,
422,4.5g,31kcal,0.8g,Trace,0.1g,1.5g,1.6g,0.7g,Heinz Weight Watchers Chicken Soup,,,,,,,,,,,,,,,,,
423,18.2g,105kcal,1.7g,0.6g,1.1g,1.2g,3.9g,0.58g,Mug Shot Macaroni Cheese Pasta,,,,,,,,,,,,,,,,,
424,16.0g,87kcal,1.2g,1.0g,0.6g,0.6g,2.5g,0.61g,Mug Shot Thai Style Noodles,,,,,,,,,,,,,,,,,
425,22.7g,214kcal,11.0g,0.8g,5.1g,0.5g,6.6g,1.22g,Fray Bentos Steak & Kidney Pudding,,,,,,,,,,,,,,,,,
426,15.0g,143kcal,6.6g,0.6g,3.8g,0.4g,5.5g,0.81g,Fray Bentos Steak & Gravy Pie,,,,,,,,,,,,,,,,,
427,16.8g,185kcal,10.8g,0.8g,4.9g,1.7g,4.7g,0.70g,Fray Bentos Cheese & Onion Pie,,,,,,,,,,,,,,,,,
428,13g,165kcal,8.6g,2.5g,1.2g,4.0g,7.6g,0.84g,John West Creations Salmon with Giant Couscous & Lentils,,,,2.6g,,,,,,,,,,,,,
429,5.8g,90kcal,4.6g,0.6g,1.9g,1.7g,6.3g,0.8g,Grant's minced beef,,,,,,,,,,,,,,,,,
430,,,,,,,,,Grant's chicken curry,,,,,,,,,,,,,,,,,
431,10g,65kcal,0.6g,3.2g,0.1g,3.7g,2.9g,1.2g,Biona Organic Chilli Con Quinoa,,,,,,,,,,,,,,,,,
432,17.3g,131kcal,4.6g,0.7g,0.8g,0.6g,4.7g,0.65g,Fray Bentos Minced Beef & Onion Pie,,,,,,,,,,,,,,,,,
433,8.8g,91kcal,1.7g,2.4g,0.3g,2.3g,8.8g,0.7g,Grants Mexican Chicken Chilli,,,,,,,,,,,,,,,,,
434,17.6g,134kcal,6.2g,1.0g,3.2g,3.2g,2.8g,0.67g,Fray Bentos Vegetable Balti Pie,,,,,,,,,,,,,,,,,
435,11.4g,222kcal,11.3g,0.1g,3.7g,8.3g,13.9g,0.6g,Grant's Pulled Pork in a BBQ Sauce,,,,,,,,,,,,,,,,,
436,69g,351kcal,"1,5g","2,9g","0,3g","3,4g",14g,0g,De Cecco spaghetti,,,,,,,,,,,,,,,,,
437,34g,162kcal,0.5g,1.9g,0.1g,1.4g,5.1g,0.06g,Seeds of Change pasta spinach trottole,,,,,,,,,,,,,,,,,
438,32.8g,160kcal,0.7g,1.4g,0.1g,0.7g,5.0g,0.0g,essential Waitrose penne,,,,,,,,,,,,,,,,,
439,32.8g,160kcal,0.7g,1.4g,0.1g,0.7g,5.0g,0.0g,Essential Fusilli,,,,,,,,,,,,,,,,,
440,32.8g,160kcal,0.7g,1.4g,0.1g,0.7g,5.0g,0.0g,Essential Spaghetti,,,,,,,,,,,,,,,,,
441,"70,2g",352kcal,"1,5g","2,9g","0,3g","3,4g","13,0g","0,01g",De Cecco linguine,,,,,,,,,,,,,,,,,
442,36.0g,163kcal,0.5g,,0.1g,0.1g,3.5g,1.4g,Difatti Gluten Free Plain Gnocchi,,,,,,,,,,,,,,,,,
443,34g,164kcal,0.7g,1.4g,0.1g,1.5g,5.3g,<0.01g,Seeds of Change pasta tortiglioni semi wholewheat,,,,,,,,,,,,,,,,,
444,32.8g,160kcal,0.7g,1.4g,0.1g,0.7g,5.0g,0.0g,Essential Macaroni,,,,,,,,,,,,,,,,,
445,37.5g,191kcal,0.8g,1.8g,0.2g,0.9g,7.4g,0.01g,Waitrose Orzo,,,,,,,,,,,,,,,,,
446,32.8g,160kcal,0.7g,1.4g,0.1g,0.7g,5.0g,0.0g,Essential Lasagne Sheets,,,,,,,,,,,,,,,,,
447,"70,2g",352kcal,"1,5g","2,9g","0,3g","3,4g","13,0g","0,01g",De Cecco pasta penne rigate,,,,,,,,,,,,,,,,,
448,26.2g,135kcal,0.7g,3.9g,0.2g,0.6g,4.0g,0.0g,Waitrose Wholewheat Fusilli,,,,,,,,,,,,,,,,,
449,32.8g,160kcal,0.7g,1.4g,0.1g,0.7g,5.0g,0.0g,Essential Penne,,,,,,,,,,,,,,,,,
450,26.2g,135kcal,0.7g,3.9g,0.2g,0.6g,4.0g,0.0g,Waitrose Wholewheat Spaghetti,,,,,,,,,,,,,,,,,
451,36.0g,163kcal,0.5g,,0.1g,0.1g,3.5g,1.4g,Difatti Gluten Free Spinach Gnocchi,,,,,,,,,,,,,,,,,
452,32.8g,160kcal,0.7g,1.4g,0.1g,0.7g,5.0g,0.0g,Essential Spaghetti,,,,,,,,,,,,,,,,,
453,26.2g,135kcal,0.7g,3.9g,0.2g,0.6g,4.0g,0.0g,Waitrose Wholewheat Penne,,,,,,,,,,,,,,,,,
454,"70,2g",352kcal,"1,5g","2,9g","0,3g","3,4g","13,0g","0,01g",De Cecco fusilli,,,,,,,,,,,,,,,,,
455,66021g %,1550kJ,351g %,3010g %,,12g,16015g %,,Giuseppe Cocco Tagliatelle,,,,,,,,,,,000g %,,,,,1450mg %,08g
456,35.3g,157kcal,<0.5g,0.5g,<0.1g,<0.5g,3.1g,0.13g,Waitrose LoveLife Spaghetti,,,,,,,,,,,,,,,,,
457,41.0g,200kcal,1.7g,1.9g,0.3g,<0.5g,4.1g,0.03g,Waitrose Free From Brown Rice Penne,,,,,,,,,,,,,,,,,
458,35.2g,184kcal,1.7g,1.5g,0.5g,0.6g,6.3g,0.02g,Waitrose Egg Lasagne Sheets,,,,,,,,,,,,,,,,,
459,37.5g,191kcal,0.8g,1.8g,0.2g,0.9g,7.4g,0.0g,Waitrose Linguine,,,,,,,,,,,,,,,,,
460,70.2g,1493kJ,1.5g,2.9g,0.3g,3.4g,13.0g,,De Cecco conchiglie rigate,,,,,,,,,,,0.004g,,,,,,
461,35.2g,184kcal,1.7g,1.5g,0.5g,0.6g,6.3g,0.02g,No.1 Egg Pappardelle,,,,,,,,,,,,,,,,,
462,73.0g,1490kJ,1.5g,,,,13.0g,,De Cecco pasta chifferi rigati,,,,,,,,,,,,,,,,,
463,37.5g,191kcal,0.8g,1.8g,0.2g,0.9g,7.4g,0.01g,Waitrose Farfalle,,,,,,,,,,,,,,,,,
464,"70,2g",352kcal,"1,5g","2,9g","0,3g","3,4g","13,0g","0,01g",De Cecco tortiglioni,,,,,,,,,,,,,,,,,
465,32.8g,160kcal,0.7g,1.4g,0.1g,0.7g,5.0g,0.0g,Essential Fusilli,,,,,,,,,,,,,,,,,
466,35.6g,180kcal,0.8g,2.0g,0.2g,0.7g,6.6g,0.0g,Waitrose 1 Bucatini,,,,,,,,,,,,,,,,,
467,35.3g,157kcal,<0.5g,0.5g,<0.1g,<0.5g,3.1g,0.13g,Waitrose Free From Fusilli,,,,,,,,,,,,,,,,,
468,37.5g,191kcal,0.8g,1.8g,0.2g,0.9g,7.4g,0.01g,Waitrose Conchiglie Rigate,,,,,,,,,,,,,,,,,
469,32.8g,160kcal,0.7g,1.4g,<0.1g,0.7g,5.0g,0g,Duchy Organic Fusilli,,,,,,,,,,,,,,,,,
470,24.4g,163kcal,0.7g,4.5g,<0.1g,0.5g,12.6g,0.03g,Waitrose LOVELife Red Lentil Pasta,,,,,,,,,,,,,,,,,
471,37.5g,191kcal,0.8g,1.8g,0.2g,0.9g,7.4g,0.01g,Waitrose Elicoidali Rigati,,,,,,,,,,,,,,,,,
472,35.6g,180kcal,0.8g,2.0g,0.2g,0.7g,6.6g,0.0g,Waitrose 1 Fusili Bucati,,,,,,,,,,,,,,,,,
473,66021g %,1550kJ,351g %,3010g %,,12g,16015g %,,Giuseppe Cocco Pappardelle,,,,,,,,,,,000g %,,,,,1450mg %,08g
474,30.8g,154kcal,0.8g,0.7g,0.1g,<0.5g,5.5g,0.0g,No.1 Orecchiette,,,,,,,,,,,,,,,,,
475,32g,155kcal,1g,"2,6g",0g,0g,"3,3g","1,28g",De Cecco gnocchi di patate,,,,,,,,,,,,,,,,,
476,36.0g,163kcal,0.5g,,0.1g,0.1g,3.5g,1.4g,Difatti Gluten Free Tomato Gnocchi,,,,,,,,,,,,,,,,,
477,32.8g,160kcal,0.7g,1.4g,0.1g,0.7g,5.0g,0.0g,Waitrose Duchy Penne,,,,,,,,,,,,,,,,,
478,"70,2g",360kcal,"1,5g","3,0g","0,3g","3,4g","13,0g","0,01g",Giuseppe Cocco Spaghetti,,,,,,,,,,,,,,,,,
479,28.6g,153kcal,0.8g,2.9g,0.2g,0.6g,6.5g,<0.01g,Waitrose Wholegrain Spelt Spaghetti,,,,,,,,,,,,,,,,,
480,35.3g,157kcal,<0.5g,0.5g,<0.1g,<0.5g,3.1g,0.13g,Waitrose LoveLife Lasagne Sheets,,,,,,,,,,,,,,,,,
481,73.0gPer 100 gms,1490kJPer 100 gms,1.5gPer 100 gms,,,,13.0gPer 100 gms,,De Cecco farfalle,,,,,,,,,,,,,,,,,
482,24.1g,158kcal,0.9g,5.5g,0.2g,0.7g,10.5g,0.04g,Waitrose LOVELife Green Pea Pasta,,,,,,,,,,,,,,,,,
483,37.5g,191kcal,0.8g,1.8g,0.2g,0.9g,7.4g,0.01g,Waitrose Paglia e Fieno Nests,,,,,,,,,,,,,,,,,
484,"70,2g",352kcal,"1,5g","2,9g","0,3g","3,4g","13,0g","0,01g",De Cecco Spaghetti,,,,,,,,,,,,,,,,,
485,37.5g,191kcal,0.8g,1.8g,0.2g,0.9g,7.4g,0.01g,Waitrose Casarecce,,,,,,,,,,,,,,,,,
486,62g,343kcal,"2,5g","7,5g","0,5g","2,9g","14,5g","0,018g",De Cecco Wholewheat Penne Rigate,,3mg,125mg,,,,,,,,,,,,,,
487,73.0g,1490kJ,1.5g,,,,13.0g,,De Cecco cavatappi,,,,,,,,,,,,,,,,,
488,30.8g,154kcal,0.8g,0.7g,0.1g,<0.5g,5.5g,0.0g,No.1 Trofie,,,,,,,,,,,,,,,,,
489,37.5g,191kcal,0.8g,1.8g,0.2g,0.9g,7.4g,0.01g,Waitrose Fettuccine,,,,,,,,,,,,,,,,,
490,35.6g,180kcal,0.8g,2.0g,0.2g,0.7g,6.6g,0.0g,No.1 Fusillioni,,,,,,,,,,,,,,,,,
491,62.0g,1453kJ,2.5g,7.5g,0.5g,2.9g,14.5g,0.018g,De Cecco Integrale Spaghetti No12,,,,,,,,,,,,,,,,,
492,"70,3g",340kcal,"2,1g","5,3g","0,4g","1,5g","7,2g","0,01g",Maidea Gluten Free Paccheri,,,,,,,,,,,,,,,,,
493,37.5g,191kcal,0.8g,1.8g,0.2g,0.9g,7.4g,0.01g,Waitrose Spaghetti,,,,,,,,,,,,,,,,,
494,37.5g,191kcal,0.8g,1.8g,0.2g,0.9g,7.4g,0.0g,Waitrose Pennoni Rigati,,,,,,,,,,,,,,,,,
495,34.0g,175kcal,1.0g,2.0g,0.3g,0.6g,6.6g,0.01g,Waitrose Mixed Grain Penne,,,,,,,,,,,,,,,,,
496,37.5g,191kcal,0.8g,1.8g,0.2g,0.9g,7.4g,0.01g,Waitrose Fusilli,,,,,,,,,,,,,,,,,
497,37.5g,191kcal,0.8g,1.8g,0.2g,0.9g,7.4g,0.01g,Waitrose Lumache Rigate,,,,,,,,,,,,,,,,,
498,70.3g,340kcal,"2,1g","5,3g",0.4g,"1,5g",7.2g,"0,01g",Maidea Gluten Free Penne Rigate,,,,,,,,,,,,,,,,,
499,,,,,,,,,Giuseppe Cocco Pennette Rigate,,,,,,,,,,,,,,,,,
